{
    "robot_root_name": "pelvis",
    "human_root_name": "hc_Abdomen",
    "ground_height": 0.0,
    "human_height_assumption": 1.8,
    "use_ik_match_table1": true,
    "use_ik_match_table2": true,
    "human_scale_table": {
        "hc_Abdomen": 0.9,
        "hc_Chest1": 0.9,
        "hc_Hip_L": 0.9,
        "hc_Hip_R": 0.9,
        "hc_Knee_L": 0.9,
        "hc_Knee_R": 0.9,
        "LeftFootMod": 0.9,
        "RightFootMod": 0.9,
        "hc_Shoulder_L": 0.75,
        "hc_Shoulder_R": 0.75,
        "hc_Elbow_L": 0.75,
        "hc_Elbow_R": 0.75,
        "hc_Hand_L": 0.75,
        "hc_Hand_R": 0.75
    },
    "ik_match_table1": {
        "pelvis": [
            "hc_Abdomen",
            0,
            10,
            [
                0.0,
                0.0,
                0.0
            ],
            [
                -0.538352,
                0.470803,
                -0.477326,
                -0.51057
            ]
        ],
        "left_hip_yaw_link": [
            "hc_Hip_L",
            0,
            10,
            [
                0.0,
                0.0,
                0.0
            ],
            [
                -0.512815,
                0.496696,
                0.51504,
                0.474393
            ]
        ],
        "left_knee_link": [
            "hc_Knee_L",
            0,
            10,
            [
                0.0,
                0.0,
                0.0
            ],
            [
                -0.551187,
                0.539041,
                0.461477,
                0.438938
            ]
        ],
        "left_ankle_roll_link": [
            "LeftFootMod",
            50,
            10,
            [
                0.0,
                0.0,
                0.0
            ],
            [
                0.708463,
                0.00749,
                -0.007185,
                -0.705672
            ]
        ],
        "right_hip_yaw_link": [
            "hc_Hip_R",
            0,
            10,
            [
                0.0,
                0.0,
                0.0
            ],
            [
                -0.444258,
                0.468618,
                0.519846,
                0.559279
            ]
        ],
        "right_knee_link": [
            "hc_Knee_R",
            0,
            10,
            [
                0.0,
                0.0,
                0.0
            ],
            [
                -0.420512,
                0.38495,
                0.568592,
                0.593031
            ]
        ],
        "right_ankle_roll_link": [
            "RightFootMod",
            50,
            10,
            [
                0.0,
                0.0,
                0.0
            ],
            [
                -0.70811,
                -0.009191,
                0.009263,
                0.705981
            ]
        ],
        "torso_link": [
            "hc_Chest1",
            0,
            100,
            [
                0.0,
                0.0,
                0.0
            ],
            [
                0.463294,
                -0.538314,
                0.533694,
                0.459073
            ]
        ],
        "left_shoulder_yaw_link": [
            "hc_Shoulder_L",
            0,
            20,
            [
                0.0,
                0.0,
                0.0
            ],
            [
                -0.478416,
                0.559296,
                0.403189,
                0.543824
            ]
        ],
        "left_elbow_link": [
            "hc_Elbow_L",
            0,
            70,
            [
                0.0,
                0.0,
                0.0
            ],
            [
                -0.721378,
                0.160065,
                0.09262,
                0.667394
            ]
        ],
        "left_wrist_yaw_link": [
            "hc_Hand_L",
            0,
            35,
            [
                0.0,
                0.0,
                0.0
            ],
            [
                -0.384318,
                -0.514761,
                0.646956,
                0.410815
            ]
        ],
        "right_shoulder_yaw_link": [
            "hc_Shoulder_R",
            0,
            20,
            [
                0.0,
                0.0,
                0.0
            ],
            [
                0.54028,
                -0.45315,
                -0.553301,
                -0.443409
            ]
        ],
        "right_elbow_link": [
            "hc_Elbow_R",
            0,
            70,
            [
                0.0,
                0.0,
                0.0
            ],
            [
                0.691033,
                -0.064495,
                -0.129884,
                -0.708127
            ]
        ],
        "right_wrist_yaw_link": [
            "hc_Hand_R",
            0,
            35,
            [
                0.0,
                0.0,
                0.0
            ],
            [
                0.474736,
                -0.596384,
                0.470214,
                -0.444804
            ]
        ]
    },
    "ik_match_table2": {
        "pelvis": [
            "hc_Abdomen",
            100,
            5,
            [
                0.0,
                0.0,
                0.0
            ],
            [
                -0.538352,
                0.470803,
                -0.477326,
                -0.51057
            ]
        ],
        "left_hip_yaw_link": [
            "hc_Hip_L",
            10,
            5,
            [
                0.0,
                0.0,
                0.0
            ],
            [
                -0.512815,
                0.496696,
                0.51504,
                0.474393
            ]
        ],
        "left_knee_link": [
            "hc_Knee_L",
            10,
            5,
            [
                0.0,
                0.0,
                0.0
            ],
            [
                -0.551187,
                0.539041,
                0.461477,
                0.438938
            ]
        ],
        "left_ankle_roll_link": [
            "LeftFootMod",
            50,
            10,
            [
                0.0,
                0.0,
                0.0
            ],
            [
                0.708463,
                0.00749,
                -0.007185,
                -0.705672
            ]
        ],
        "right_hip_yaw_link": [
            "hc_Hip_R",
            10,
            5,
            [
                0.0,
                0.0,
                0.0
            ],
            [
                -0.444258,
                0.468618,
                0.519846,
                0.559279
            ]
        ],
        "right_knee_link": [
            "hc_Knee_R",
            10,
            5,
            [
                0.0,
                0.0,
                0.0
            ],
            [
                -0.420512,
                0.38495,
                0.568592,
                0.593031
            ]
        ],
        "right_ankle_roll_link": [
            "RightFootMod",
            50,
            10,
            [
                0.0,
                0.0,
                0.0
            ],
            [
                -0.70811,
                -0.009191,
                0.009263,
                0.705981
            ]
        ],
        "torso_link": [
            "hc_Chest1",
            0,
            10,
            [
                0.0,
                0.0,
                0.0
            ],
            [
                0.463294,
                -0.538314,
                0.533694,
                0.459073
            ]
        ],